Variable,Transition,Shifting,Seasonality,Trend,Stationarity,Correlation
pred_w_speed,0.006046863189720332,0.27201939473630143,0.4475724645399236,0.7506834891033238,0.0,0.5072461065852419
pred_w_dir,0.0005106563379196052,0.1680808661886467,0.3976264528795007,0.06690661387464858,2.1197405401974745e-30,0.5072461065852419
pred_temp,0.08000000000000002,-0.17367945267396706,0.8741480639690371,0.994849803094883,0.051591344924386724,0.5072461065852419
pred_pressure,0.04000000000000001,0.3049123744170279,0.5296789087963827,0.7975604518476628,6.366835924204357e-11,0.5072461065852419
pred_humidity,0.013020833333333334,-0.09994247323978389,0.7077216108684168,0.9097149679426607,1.607614005030248e-21,0.5072461065852419
ture_w_speed,0.0011542012927054477,-0.11349207979783449,0.40614321379982266,0.6926075097834543,0.0,0.5072461065852419
target,0.05555555555555555,0.5679740307768166,0.475683746262593,0.2363657892952965,4.493151697416731e-29,0.5072461065852419
